<?xml version="1.0" encoding="UTF-8" standalone="yes"?>
<addon id="repository.savvyrepo" name="Savvy Tech's Repository" version="1.0" provider-name="Savvy Tech">
	<extension point="xbmc.addon.repository" name="Savvy Tech's Repository">
		<info compressed="false">http://raw.github.com/savvytv/Repo/master/addons.xml</info>
		<checksum>http://raw.github.com/savvytv/Repo/master/addons.xml.md5</checksum>
		<datadir zip="true">http://raw.github.com/savvytv/Repo/master/zips</datadir>
	</extension>
	<extension point="xbmc.addon.metadata">
		<summary>Addons From Savvy Tech</summary>
		<description>Download our Add-Ons</description>
		<platform>all</platform>
	</extension>
</addon>

