<?xml version="1.0" encoding="UTF-8" standalone="yes"?>
<addon id="plugin.video.savvytvlite"
       name="Savvy TV Lite"
       version="1.0"
       provider-name="Savvy Tech">
    <requires>
        <import addon="xbmc.python" version="2.1.0"/>
        <import addon="script.module.t0mm0.common" version="1.1.0"/>
    </requires>
    <extension point="xbmc.python.pluginsource"
               	library="default.py">
        <provides>video</provides>
    </extension>
    <extension point="xbmc.addon.metadata">
        <summary lang="en">Live Uk Tv</summary>
    <description lang="en">LIVE UK TV Channels. By using This Plugin You will receive all the UK TV for FREE.</description>
    <disclaimer lang="en">All streams are provided by FilmOn.</disclaimer>
    <platform>all</platform>
    </extension>
	
</addon>
